Date,Description,Withdrawal,Deposit,Balance
01/01/2026,SALARY CREDIT ACME CORP,,85000.00,85000.00
03/01/2026,UPI/SWIGGY/2938472918/BANGALORE,450.00,,84550.00
05/01/2026,UPI/UBER/3829103847/RIDES,280.00,,84270.00
08/01/2026,TATA POWER ELECTRICITY BILL,2450.00,,81820.00
12/01/2026,AMAZON INDIA SHOPPING,1899.00,,79921.00
15/01/2026,TRANSFER TO MOTHER - SAVINGS,15000.00,,64921.00
20/01/2026,FLIPKART INTERNET PVT LTD,1240.00,,63681.00
25/01/2026,UPI/ZERODHA/FUNDS_TRANSFER,20000.00,,43681.00
31/01/2026,QUARTERLY SAVINGS INTEREST,,350.00,44031.00
